{
    "report": {
        "(": {
            "precision": 0.8026245100185049,
            "recall": 0.8204515407301942,
            "f1-score": 0.8114401239162358,
            "support": 98330.0
        },
        ")": {
            "precision": 0.8023266427984624,
            "recall": 0.8045052374656768,
            "f1-score": 0.8034144632274904,
            "support": 98330.0
        },
        ".": {
            "precision": 0.9235154519945853,
            "recall": 0.9181311851603958,
            "f1-score": 0.9208154478142407,
            "support": 418340.0
        },
        "EOS": {
            "precision": 1.0,
            "recall": 0.9994146341463415,
            "f1-score": 0.9997072313847956,
            "support": 20500.0
        },
        "accuracy": 0.8880582218725414,
        "macro avg": {
            "precision": 0.8821166512028882,
            "recall": 0.885625649375652,
            "f1-score": 0.8838443165856906,
            "support": 635500.0
        },
        "weighted avg": {
            "precision": 0.8885260441288862,
            "recall": 0.8880582218725414,
            "f1-score": 0.8882715723616683,
            "support": 635500.0
        }
    },
    "mse_mfes": 0.5214645034779424,
    "mse_hairpins": 0.16622619639269173
}