{
    "report": {
        "(": {
            "precision": 0.8578191891211282,
            "recall": 0.8823498937988914,
            "f1-score": 0.869911640022473,
            "support": 19303.0
        },
        ")": {
            "precision": 0.8590096988259316,
            "recall": 0.8717815883541419,
            "f1-score": 0.8653485202992827,
            "support": 19303.0
        },
        ".": {
            "precision": 0.9519634786163664,
            "recall": 0.9430107768803294,
            "f1-score": 0.9474659794746598,
            "support": 88894.0
        },
        "EOS": {
            "precision": 1.0,
            "recall": 0.9994,
            "f1-score": 0.9996999099729919,
            "support": 5000.0
        },
        "accuracy": 0.9259245283018868,
        "macro avg": {
            "precision": 0.9171980916408566,
            "recall": 0.9241355647583407,
            "f1-score": 0.9206065124423518,
            "support": 132500.0
        },
        "weighted avg": {
            "precision": 0.9265191659786066,
            "recall": 0.9259245283018868,
            "f1-score": 0.9261756015394432,
            "support": 132500.0
        }
    },
    "mse_mfes": 0.20469780088660533,
    "mse_hairpins": 0.08446914146803469
}