{
    "report": {
        "(": {
            "precision": 0.782685825793862,
            "recall": 0.8089178981335484,
            "f1-score": 0.7955856895556838,
            "support": 27271.0
        },
        ")": {
            "precision": 0.7815040650406504,
            "recall": 0.7895566719225551,
            "f1-score": 0.785509731317148,
            "support": 27271.0
        },
        ".": {
            "precision": 0.9215462444360495,
            "recall": 0.9126124367670262,
            "f1-score": 0.9170575832366258,
            "support": 122958.0
        },
        "EOS": {
            "precision": 1.0,
            "recall": 0.9994,
            "f1-score": 0.9996999099729919,
            "support": 5000.0
        },
        "accuracy": 0.8811068493150684,
        "macro avg": {
            "precision": 0.8714340338176405,
            "recall": 0.8776217517057825,
            "f1-score": 0.8744632285206123,
            "support": 182500.0
        },
        "weighted avg": {
            "precision": 0.8820192089661137,
            "recall": 0.8811068493150684,
            "f1-score": 0.8815129813265588,
            "support": 182500.0
        }
    },
    "mse_mfes": 0.5637173676658848,
    "mse_hairpins": 0.21207467115039522
}