{
    "report": {
        "(": {
            "precision": 0.9626971769006838,
            "recall": 0.9706484641638226,
            "f1-score": 0.9666564698684613,
            "support": 14650.0
        },
        ")": {
            "precision": 0.9649110899959278,
            "recall": 0.970443686006826,
            "f1-score": 0.9676694799891097,
            "support": 14650.0
        },
        ".": {
            "precision": 0.984640060383055,
            "recall": 0.9808458646616541,
            "f1-score": 0.9827393003437074,
            "support": 53200.0
        },
        "EOS": {
            "precision": 1.0,
            "recall": 1.0,
            "f1-score": 1.0,
            "support": 5500.0
        },
        "accuracy": 0.9786136363636364,
        "macro avg": {
            "precision": 0.9780620818199166,
            "recall": 0.9804845037080757,
            "f1-score": 0.9792663125503196,
            "support": 88000.0
        },
        "weighted avg": {
            "precision": 0.9786626400274305,
            "recall": 0.9786136363636364,
            "f1-score": 0.9786318857238482,
            "support": 88000.0
        }
    },
    "mse_mfes": 0.13234777613232968,
    "mse_hairpins": 0.008891652630140202
}