{
    "report": {
        "(": {
            "precision": 0.7257512664774687,
            "recall": 0.7374279092330082,
            "f1-score": 0.7315429961635632,
            "support": 37106.0
        },
        ")": {
            "precision": 0.722474878135127,
            "recall": 0.7149787096426454,
            "f1-score": 0.71870724802579,
            "support": 37106.0
        },
        ".": {
            "precision": 0.887556995597131,
            "recall": 0.8863642294243516,
            "f1-score": 0.8869602115089598,
            "support": 153288.0
        },
        "EOS": {
            "precision": 1.0,
            "recall": 0.9988,
            "f1-score": 0.9993996397838703,
            "support": 5000.0
        },
        "accuracy": 0.8376602150537634,
        "macro avg": {
            "precision": 0.8339457850524317,
            "recall": 0.8343927120750013,
            "f1-score": 0.8341525238705458,
            "support": 232500.0
        },
        "weighted avg": {
            "precision": 0.837805230378873,
            "recall": 0.8376602150537634,
            "f1-score": 0.8377218953186878,
            "support": 232500.0
        }
    },
    "mse_mfes": 1.2201533974326113,
    "mse_hairpins": 0.37288569658731985
}