{
    "best_hyperparameters": [
        9.321765929780809e-05,
        256,
        0.1926560038535981
    ],
    "best_validation_loss": 0.25709948718442377,
    "best_model_path": "dummy_model_0.25709948718442377.pth",
    "all_hyperparameters": [
        [
            2.345115063684992e-05,
            512,
            0.6686383669167268
        ],
        [
            9.321765929780809e-05,
            256,
            0.1926560038535981
        ],
        [
            0.0002498764819023532,
            128,
            0.39110554575991907
        ],
        [
            0.0001842788363564704,
            512,
            0.5098155966456829
        ],
        [
            9.933958471354694e-05,
            256,
            0.5318525394141755
        ],
        [
            3.288487329556286e-05,
            256,
            0.34438469937396715
        ],
        [
            2.2592757838241417e-05,
            512,
            0.2782110142646127
        ],
        [
            3.764762914377529e-05,
            128,
            0.20903622266870725
        ],
        [
            9.740461529916336e-05,
            256,
            0.23310110020762242
        ],
        [
            0.0003427538500842788,
            256,
            0.20069398642087344
        ]
    ],
    "all_validation_losses": [
        0.5694233515267594,
        0.25709948718442377,
        0.7369608845839687,
        0.7793095946106166,
        0.49949175092083764,
        0.6298048295350441,
        0.3999301731909387,
        0.41742649578076063,
        0.2976562102510345,
        0.6828305178170059
    ]
}