{
    "report": {
        "(": {
            "precision": 0.6436707959561441,
            "recall": 0.3287198070560289,
            "f1-score": 0.4351900135580711,
            "support": 82511.0
        },
        ")": {
            "precision": 0.5624813895781637,
            "recall": 0.27472700609615686,
            "f1-score": 0.3691526003371033,
            "support": 82511.0
        },
        ".": {
            "precision": 0.7654386225322845,
            "recall": 0.49116116398326715,
            "f1-score": 0.5983666857738285,
            "support": 262478.0
        },
        "EOS": {
            "precision": 0.027505409140208218,
            "recall": 0.9992,
            "f1-score": 0.05353708000021433,
            "support": 5000.0
        },
        "accuracy": 0.4247537572254335,
        "macro avg": {
            "precision": 0.49977405430170013,
            "recall": 0.5234519942838632,
            "f1-score": 0.3640615949173043,
            "support": 432500.0
        },
        "weighted avg": {
            "precision": 0.6949575694597718,
            "recall": 0.4247537572254335,
            "f1-score": 0.5172089936731763,
            "support": 432500.0
        }
    },
    "mse_mfes": 49.47669604050759,
    "mse_hairpins": 3.482159269247666
}