{
    "report": {
        "(": {
            "precision": 0.6812551785676347,
            "recall": 0.6100372878776349,
            "f1-score": 0.6436823140927203,
            "support": 52564.0
        },
        ")": {
            "precision": 0.6570871147354115,
            "recall": 0.5702572102579713,
            "f1-score": 0.6106007211097757,
            "support": 52564.0
        },
        ".": {
            "precision": 0.8351386375193426,
            "recall": 0.7738483675496017,
            "f1-score": 0.8033261540160785,
            "support": 197372.0
        },
        "EOS": {
            "precision": 0.1669031024486523,
            "recall": 0.984,
            "f1-score": 0.28539788008226546,
            "support": 5500.0
        },
        "accuracy": 0.7148993506493506,
        "macro avg": {
            "precision": 0.5850960083177602,
            "recall": 0.734535716421302,
            "f1-score": 0.58575176732521,
            "support": 308000.0
        },
        "weighted avg": {
            "precision": 0.7665570601724565,
            "recall": 0.7148993506493506,
            "f1-score": 0.7339412710172011,
            "support": 308000.0
        }
    },
    "mse_mfes": 4.878410604846304,
    "mse_hairpins": 0.5899038334580144
}