{
    "report": {
        "(": {
            "precision": 0.6491278650713564,
            "recall": 0.28565387014579785,
            "f1-score": 0.39672552402628386,
            "support": 94583.0
        },
        ")": {
            "precision": 0.5631364307338187,
            "recall": 0.23797088271676728,
            "f1-score": 0.3345621023842083,
            "support": 94583.0
        },
        ".": {
            "precision": 0.7571005689908832,
            "recall": 0.44440475282138076,
            "f1-score": 0.5600625900113859,
            "support": 288334.0
        },
        "EOS": {
            "precision": 0.021540002244649532,
            "recall": 0.998,
            "f1-score": 0.04216984560258935,
            "support": 5000.0
        },
        "accuracy": 0.3785554404145078,
        "macro avg": {
            "precision": 0.497726216760177,
            "recall": 0.49150737642098646,
            "f1-score": 0.3333800155061169,
            "support": 482500.0
        },
        "weighted avg": {
            "precision": 0.6902904235456611,
            "recall": 0.3785554404145078,
            "f1-score": 0.4784731888603927,
            "support": 482500.0
        }
    },
    "mse_mfes": 72.80534581739147,
    "mse_hairpins": 5.229694607915979
}