{
    "report": {
        "(": {
            "precision": 0.6539401343921808,
            "recall": 0.46942251905822036,
            "f1-score": 0.5465273823315727,
            "support": 59292.0
        },
        ")": {
            "precision": 0.5994379963347587,
            "recall": 0.4137489037306888,
            "f1-score": 0.48957761657203874,
            "support": 59292.0
        },
        ".": {
            "precision": 0.7959493459072139,
            "recall": 0.6375145991690441,
            "f1-score": 0.7079764091142257,
            "support": 208916.0
        },
        "EOS": {
            "precision": 0.06115178374672511,
            "recall": 0.999,
            "f1-score": 0.11524884058974182,
            "support": 5000.0
        },
        "accuracy": 0.5730736842105263,
        "macro avg": {
            "precision": 0.5276198150952196,
            "recall": 0.6299215054894883,
            "f1-score": 0.4648325621518948,
            "support": 332500.0
        },
        "weighted avg": {
            "precision": 0.7245341611890129,
            "recall": 0.5730736842105263,
            "f1-score": 0.631328064013381,
            "support": 332500.0
        }
    },
    "mse_mfes": 15.555393454069737,
    "mse_hairpins": 1.200287586738989
}