{
    "report": {
        "(": {
            "precision": 0.6517149775489574,
            "recall": 0.38873697642786026,
            "f1-score": 0.48699165568730785,
            "support": 71313.0
        },
        ")": {
            "precision": 0.5842039587971911,
            "recall": 0.33481973833662865,
            "f1-score": 0.42567567567567566,
            "support": 71313.0
        },
        ".": {
            "precision": 0.7757516753670278,
            "recall": 0.5529815986443796,
            "f1-score": 0.6456922694506587,
            "support": 234874.0
        },
        "EOS": {
            "precision": 0.0379596858718272,
            "recall": 0.9996,
            "f1-score": 0.073141820204001,
            "support": 5000.0
        },
        "accuracy": 0.48752418300653594,
        "macro avg": {
            "precision": 0.5124075743962508,
            "recall": 0.5690345783522172,
            "f1-score": 0.4078753552544108,
            "support": 382500.0
        },
        "weighted avg": {
            "precision": 0.7072700249337709,
            "recall": 0.48752418300653594,
            "f1-score": 0.5676002107123203,
            "support": 382500.0
        }
    },
    "mse_mfes": 30.623943633020506,
    "mse_hairpins": 2.1919816320804646
}